Workbook

Sheet Codificación
A1: ID | B1: Fecha y hora original | C1: Publicación original | D1: Evaluador A · tema | E1: Evaluador B · tema | F1: Acuerdo | G1: Observación
A2: 1 | B2: 21/09/26, 18:37:17 | C2: La banqueta que está afuera de la ESANS, Escuela Secundaria Anexa a la Normal Superior, calle Ribera de San Cosme N°83, Alcaldía CUAUH. C.P 06400 toda llena de basura hiedra y sobre todo plaga de ratas y ratones! ojalá se atienda pronto por el bien de los estudiantes y pestones | D2: Recolección de basura | E2: Recolección de basura | F2: =IF(OR(D2="",E2=""),"",IF(OR(D2="Desechar",E2="Desechar"),"Excluido",IF(D2=E2,"Coinciden","Difieren"))) -> Coinciden
A3: 2 | B3: 21/09/26, 18:13:36 | C3: 2. También en la alcaldía La Magdalena Contreras, Col. Cuauhtémoc, C.P. 10020. Escombro y bache en la Calle Presa, casi frente al No. 19A, entre Guillermo Prieto y Luis Cabrera. Gracias. | D3: Baches y pavimento | E3: Baches y pavimento | F3: =IF(OR(D3="",E3=""),"",IF(OR(D3="Desechar",E3="Desechar"),"Excluido",IF(D3=E3,"Coinciden","Difieren"))) -> Coinciden
A4: 3 | B4: 21/09/26, 17:51:29 | C4: Qué maravilla la eficiencia de , y . En Av. Santa Lucía, Fracc. Industrial San Antonio, frente a la Torre Tornel, estos árboles siguen esperando atención. No se pide ningún favor: únicamente que hagan su trabajo. | D4: No es posible determinar | E4: No es posible determinar | F4: =IF(OR(D4="",E4=""),"",IF(OR(D4="Desechar",E4="Desechar"),"Excluido",IF(D4=E4,"Coinciden","Difieren"))) -> Coinciden
A5: 4 | B5: 21/09/26, 09:32:54 | C5: Solicitamos su apoyo para realizar limpieza en la Av 1ero de mayo Casi esquina con calle 4. Llevamos meses reportando que la gente llena de basura la calle y no nos dan atención para limpieza. Por los edificios que construyen hay más basura | D5: Recolección de basura | E5: Recolección de basura | F5: =IF(OR(D5="",E5=""),"",IF(OR(D5="Desechar",E5="Desechar"),"Excluido",IF(D5=E5,"Coinciden","Difieren"))) -> Coinciden
A6: 5 | B6: 21/09/26, 17:20:48 | C6: les pedimos intervenir en este problema de salud pública que tenemos en Andrés Molina Enriquez frente a 2916, los c trabajadores de los camiones de recolección de en horario de trabajo tiran basura sobre la calle | D6: Recolección de basura | E6: Recolección de basura | F6: =IF(OR(D6="",E6=""),"",IF(OR(D6="Desechar",E6="Desechar"),"Excluido",IF(D6=E6,"Coinciden","Difieren"))) -> Coinciden
A7: 6 | B7: 21/09/26, 16:44:25 | C7: Las cuatro esquinas de la glorieta de la Diana https:// maps.app.goo.gl/4YRMGvhzAKibrc T29?g_st=ac … Rampas que sean Amplias / Funcionales para peatones y ciclistas, otra es la de Calle Varsovia y también en las cuatro esquinas del Ángel misos petición, CP 06500 qlc y col Cuauhtémoc. | D7: No es posible determinar | E7: No es posible determinar | F7: =IF(OR(D7="",E7=""),"",IF(OR(D7="Desechar",E7="Desechar"),"Excluido",IF(D7=E7,"Coinciden","Difieren"))) -> Coinciden
A8: 7 | B8: 21/09/26, 16:39:36 | C8: de su apoyo para el repintados del paso peatonal en el cruce de Félix cuevas con Gabriel Mancera así como señalización de ceder el paso ya que es un peligro cruzar ahí urge la atención | D8: No es posible determinar | E8: Baches y pavimento | F8: =IF(OR(D8="",E8=""),"",IF(OR(D8="Desechar",E8="Desechar"),"Excluido",IF(D8=E8,"Coinciden","Difieren"))) -> Difieren
A9: 8 | B9: 21/09/26, 16:10:05 | C9: Reportado este campamento también múltiples veces diagonal 20 de noviembre desde Bolívar hasta Lorenzo boturini | D9: Seguridad | E9: Seguridad | F9: =IF(OR(D9="",E9=""),"",IF(OR(D9="Desechar",E9="Desechar"),"Excluido",IF(D9=E9,"Coinciden","Difieren"))) -> Coinciden
A10: 9 | B10: 21/09/26, 15:53:04 | C10: Podría levantar un folio para que confinen los 20 mts de Lieja desde Hamburgo a av Chapultepec antes de que ocurra un accidente y una bici blanca es un peligro para ciclistas, se estaciona a esperar los de torre o | D10: Seguridad | E10: Seguridad | F10: =IF(OR(D10="",E10=""),"",IF(OR(D10="Desechar",E10="Desechar"),"Excluido",IF(D10=E10,"Coinciden","Difieren"))) -> Coinciden
A11: 10 | B11: 21/09/26, 15:43:44 | C11: podrías levantar un folio para que las rampas junto a cocloestaciones se amplíen y/o construyan para acceder a ellas desde las laterales de Reforma de los leones al caballito por qué están mal ubicadas | D11: Seguridad | E11: Baches y pavimento | F11: =IF(OR(D11="",E11=""),"",IF(OR(D11="Desechar",E11="Desechar"),"Excluido",IF(D11=E11,"Coinciden","Difieren"))) -> Difieren
A12: 11 | B12: 21/09/26, 15:23:07 | C12: Buenas tardes, podrían levantar x favor el reporte de Sevilla pasando Reforma con este bache lleva 2 semanas ahí y sigue creciendo | D12: Baches y pavimento | E12: Baches y pavimento | F12: =IF(OR(D12="",E12=""),"",IF(OR(D12="Desechar",E12="Desechar"),"Excluido",IF(D12=E12,"Coinciden","Difieren"))) -> Coinciden
A13: 12 | B13: 21/09/26, 15:22:37 | C13: URGE FUGA AV C SERDAN65 AGUA SOTO GAMA UH EMILIANO ZAPATA 04919 COY A | D13: Fuga de agua | E13: Fuga de agua | F13: =IF(OR(D13="",E13=""),"",IF(OR(D13="Desechar",E13="Desechar"),"Excluido",IF(D13=E13,"Coinciden","Difieren"))) -> Coinciden
... A68: 67 | B68: 19/09/26, 14:36:21 | C68: Se solicita reparar socavón en Mar Adriático núm 2 entre Mar de Irlanda y Marina nacional col Popotla | D68: Baches y pavimento | E68: Baches y pavimento | F68: =IF(OR(D68="",E68=""),"",IF(OR(D68="Desechar",E68="Desechar"),"Excluido",IF(D68=E68,"Coinciden","Difieren"))) -> Coinciden

Sheet Guía y kappa
A1: Acuerdo entre evaluadores · kappa de Cohen
A3: Registros originales | B3: 67
A4: Pares incluidos en kappa | B4: =COUNTIFS(Codificación!D2:D68,"<>",Codificación!E2:E68,"<>",Codificación!D2:D68,"<>Desechar",Codificación!E2:E68,"<>Desechar") -> 61
A5: Acuerdos observados | B5: =COUNTIFS(Codificación!F2:F68,"Coinciden") -> 57
A6: Acuerdo observado (Po) | B6: =IF(B4=0,"",B5/B4) -> 0.93442623
A7: Acuerdo esperado (Pe) | B7: =IF(B4=0,"",SUMPRODUCT(B12:B17,C12:C17)/(B4*B4)) -> 0.18919645
A8: Kappa de Cohen | B8: =IF(OR(B4=0,B7="",B7=1),"",(B6-B7)/(1-B7)) -> 0.91912496
A9: Pares excluidos por «Desechar» | B9: =COUNTIFS(Codificación!D2:D68,"<>",Codificación!E2:E68,"<>")-B4 -> 6
A10: Categoría temática | B10: Evaluador A | C10: Evaluador B
A11: Solo pares completos sin «Desechar»
A12: Baches y pavimento | B12: =COUNTIFS(Codificación!D$2:D$68,A12,Codificación!E$2:E$68,"<>",Codificación!E$2:E$68,"<>Desechar") -> 15 | C12: =COUNTIFS(Codificación!E$2:E$68,A12,Codificación!D$2:D$68,"<>",Codificación!D$2:D$68,"<>Desechar") -> 17
A13: Alumbrado público | B13: =COUNTIFS(Codificación!D$2:D$68,A13,Codificación!E$2:E$68,"<>",Codificación!E$2:E$68,"<>Desechar") -> 5 | C13: =COUNTIFS(Codificación!E$2:E$68,A13,Codificación!D$2:D$68,"<>",Codificación!D$2:D$68,"<>Desechar") -> 4
A14: Fuga de agua | B14: =COUNTIFS(Codificación!D$2:D$68,A14,Codificación!E$2:E$68,"<>",Codificación!E$2:E$68,"<>Desechar") -> 10 | C14: =COUNTIFS(Codificación!E$2:E$68,A14,Codificación!D$2:D$68,"<>",Codificación!D$2:D$68,"<>Desechar") -> 10
A15: Recolección de basura | B15: =COUNTIFS(Codificación!D$2:D$68,A15,Codificación!E$2:E$68,"<>",Codificación!E$2:E$68,"<>Desechar") -> 9 | C15: =COUNTIFS(Codificación!E$2:E$68,A15,Codificación!D$2:D$68,"<>",Codificación!D$2:D$68,"<>Desechar") -> 11
A16: Seguridad | B16: =COUNTIFS(Codificación!D$2:D$68,A16,Codificación!E$2:E$68,"<>",Codificación!E$2:E$68,"<>Desechar") -> 14 | C16: =COUNTIFS(Codificación!E$2:E$68,A16,Codificación!D$2:D$68,"<>",Codificación!D$2:D$68,"<>Desechar") -> 13
A17: No es posible determinar | B17: =COUNTIFS(Codificación!D$2:D$68,A17,Codificación!E$2:E$68,"<>",Codificación!E$2:E$68,"<>Desechar") -> 8 | C17: =COUNTIFS(Codificación!E$2:E$68,A17,Codificación!D$2:D$68,"<>",Codificación!D$2:D$68,"<>Desechar") -> 6
A25: Instrucciones para codificar
A26: 1. Cada evaluador clasifica los mismos 67 registros de manera independiente, sin consultar la columna del otro.
A27: 2. Selecciona una sola categoría para el asunto principal; si hay varios, toma el primero desarrollado con claridad.
A28: 3. «Baches y pavimento» cubre daños viales; «Fuga de agua» incluye agua potable y residual; «Recolección de basura» incluye acumulación o retiro de residuos.
A29: 4. «Seguridad» se refiere a delitos, violencia o conductas que requieren intervención de seguridad pública.
A30: 5. Usa «No es posible determinar» si hay un reporte de alguna de las cinco categorías, pero no se puede distinguir cuál. Usa «Desechar» si falta información suficiente para reconocer un reporte o si trata de otro tema.
A31: 6. Kappa se calcula con pares completos sin «Desechar». Si cualquiera marca «Desechar», se excluye el par y se cuenta arriba. Revisa los desacuerdos sin alterar las etiquetas iniciales.
